id,telefono,nombre
6-8372-47180,+506 0007-6542,Photobean
6-1324-78771,+506 9658-2976,Kwimbee
3-2201-60864,+506 7693-9723,Geba
7-2176-92978,+506 2311-1357,Zoomlounge
8-4596-89425,+506 4424-7990,Blognation
3-3076-28643,+506 9757-4309,Kayveo
7-5374-30956,+506 0037-9228,Shuffledrive
1-3415-48153,+506 7248-6050,Pixope
1-0825-52670,+506 8966-5136,Kazu
9-6543-64741,+506 6273-7479,Feedfish
6-6836-35596,+506 6652-1382,Gigaclub
7-0698-75318,+506 1682-8973,Yakijo
3-9410-05953,+506 1572-7248,Jetwire
6-3550-42652,+506 7586-3870,Meezzy
0-4669-83083,+506 1576-9291,Geba
7-5591-53777,+506 3892-1740,Cogibox
1-3158-33993,+506 0819-0292,Divape
1-2913-36535,+506 3891-0578,Browsedrive
6-0089-01029,+506 5098-8917,Fivebridge
8-3136-43792,+506 7740-9963,Skiptube
9-5128-82564,+506 8883-6640,Ooba
8-8301-67205,+506 2868-8290,Vimbo
2-8668-56327,+506 4336-7898,Tekfly
7-3033-16382,+506 9608-0063,Rhyzio
1-7353-87543,+506 2898-5048,Blogtag
8-8785-41528,+506 4499-8333,Oba
5-3446-36291,+506 5074-7433,Meemm
4-3616-51478,+506 5934-0396,Cogibox
0-7720-92336,+506 7028-9874,Jaxnation
0-9691-31902,+506 2352-6805,Shufflebeat
8-3443-47215,+506 8835-0998,Skippad
3-2703-46622,+506 0933-3087,Flashset
3-7399-15720,+506 8356-6229,Oyope
0-7914-15906,+506 4286-4496,Cogidoo
5-4099-47635,+506 8406-5141,Pixoboo
9-4816-69175,+506 2607-6829,Muxo
0-0177-20053,+506 2956-0802,Wikibox
0-3555-57169,+506 3189-8041,Dynazzy
8-8290-17498,+506 4930-3615,Yozio
0-8881-07024,+506 1713-4417,Browsezoom
9-4276-74715,+506 7025-0855,Photofeed
2-4006-82879,+506 2544-7720,Wikibox
7-6091-56383,+506 4817-3924,Snaptags
2-2385-40677,+506 0554-9435,Demizz
8-1881-76570,+506 4612-5996,Ailane
0-9379-00390,+506 6845-4860,Photofeed
6-8263-26682,+506 8923-4153,Voonyx
7-6216-97728,+506 5128-0418,Avamm
3-2553-60290,+506 2059-6133,Yambee
3-8716-40877,+506 2717-7494,Rhybox
7-9021-41325,+506 2351-4163,Realbuzz
2-3938-36192,+506 8806-9160,Oyoloo
5-9388-67072,+506 3624-9679,Yacero
3-1057-51486,+506 2589-1268,Divavu
6-5580-44853,+506 2110-2212,Realfire
4-3790-01003,+506 5256-1828,Yambee
6-8636-46288,+506 2754-7691,Dynazzy
5-0736-75160,+506 0552-8047,Voonyx
9-6417-27336,+506 9036-4192,Jabberstorm
4-2164-52647,+506 9857-1820,Dynazzy
9-9725-04700,+506 7311-7825,Abata
4-0925-53557,+506 9266-8433,Flipstorm
6-4772-04291,+506 6053-4905,Meeveo
6-5809-15475,+506 6835-1742,Kwimbee
2-9979-62578,+506 1656-0993,Photofeed
7-5542-85605,+506 4535-8854,Tazz
5-4817-44347,+506 9236-9498,Skimia
5-1747-18405,+506 2513-7260,Jabberstorm
8-7708-59632,+506 4218-2829,Kazio
8-2825-83249,+506 3498-3866,Abata
5-5147-99640,+506 6787-5906,Voolia
4-9158-39171,+506 7722-9230,JumpXS
1-8946-11795,+506 0433-3696,Dabjam
7-5264-39595,+506 6027-4009,Feedbug
7-8123-72378,+506 2662-3452,Tanoodle
8-3186-18018,+506 0324-0567,Youspan
3-7115-55274,+506 3885-7786,Mynte
9-6856-68421,+506 8239-0098,Shufflester
7-9251-21610,+506 2535-8667,Jaxbean
9-6963-11206,+506 4731-5462,Trilia
8-3111-72633,+506 6678-8470,Twitterbridge
4-3574-82643,+506 1594-2224,Bubblebox
3-3427-76194,+506 0038-9847,Oba
2-0979-30539,+506 7477-5434,Twitterbridge
1-7068-30199,+506 9603-3477,Twitterworks
3-0759-92776,+506 8482-8374,Jaxspan
2-0956-49150,+506 9263-1229,Feedspan
4-2241-34083,+506 0554-7400,Skippad
3-4298-55311,+506 0586-8943,Flipstorm
0-8766-39097,+506 0136-7539,Thoughtblab
8-5596-93065,+506 7416-1411,Vipe
4-0274-33200,+506 2583-2267,Zava
1-3125-34678,+506 2025-4233,Zoomlounge
8-9714-98924,+506 6305-2317,Jabbertype
4-4652-08700,+506 7675-5013,Cogilith
6-4574-61686,+506 8309-7650,Izio
7-2498-77422,+506 0779-1250,Edgepulse
7-0923-94891,+506 1518-9237,Oozz
8-3043-30579,+506 1195-4317,Gigabox
4-5962-33678,+506 5004-5403,Katz
