id,first_name,last_name,telefono
7-7171-3010,Sampson,Pinch,+506 8261-1785
2-5447-8089,Ellis,Lassetter,+506 9318-6041
0-0052-0484,Gabbey,Estable,+506 2829-0794
1-7871-4046,Geneva,Huyge,+506 0493-5950
4-2436-9404,Kenon,Redington,+506 3868-9037
3-2402-0796,Zebulon,Le Merchant,+506 8312-5720
7-0608-3892,Gibby,Elks,+506 2363-4583
1-8891-7972,Zelma,Fewkes,+506 9096-8954
2-5340-7263,Teirtza,Schenfisch,+506 9736-5380
2-1643-6517,Hoyt,Recke,+506 9776-4461
5-9152-4645,Modestine,Buye,+506 5623-1578
6-7715-2373,Finley,Furse,+506 7447-7230
8-1062-8941,Tobin,Millmore,+506 6865-8402
5-6153-6824,Lawrence,Asken,+506 5561-0965
0-2369-7932,Bil,Blenkharn,+506 6423-3418
6-0758-0096,Michail,Toffoloni,+506 3512-5270
5-6923-9991,Carlin,Lile,+506 2275-6097
2-5698-9971,Glyn,Momford,+506 9689-3646
2-4627-3031,Maxwell,Vosse,+506 4886-3528
2-9504-8843,Davie,Nutbean,+506 0837-6600
1-3238-3743,Fran,Faires,+506 1147-9079
8-1922-0258,Phaedra,Astman,+506 0717-8831
3-8276-8243,Cassondra,Laite,+506 4725-3123
5-5085-2194,Tyrus,Walklate,+506 8836-6420
4-9377-5823,Dyann,Notman,+506 0755-3610
7-1158-9452,Roxane,Dorton,+506 0901-2516
6-6128-3725,Loree,Limbrick,+506 5318-5006
3-2831-1037,Gracia,Joselovitch,+506 2127-5071
2-3553-1611,Tony,Cartwight,+506 5487-0081
2-3625-1419,Alice,Kuhlmey,+506 8564-4683
2-5302-0363,Frasier,Keniwell,+506 8878-3585
5-6249-5578,Vallie,Emanuel,+506 7452-2032
7-2971-4255,Lucine,Kingzet,+506 7316-7707
2-1455-1670,Val,Robottom,+506 7179-2587
7-4114-4608,Dale,Mundell,+506 6679-6062
2-7817-8134,Veradis,Dallicoat,+506 2893-1468
5-9029-5421,Tobiah,Kembrey,+506 6076-6341
5-0753-1337,Percival,Drogan,+506 3715-2639
6-7850-8850,Hermie,Sobczak,+506 1223-8410
4-4429-4242,Andree,Paler,+506 8388-8944
9-2990-6014,Bridgette,Dreger,+506 4754-4113
0-8381-3382,Angelique,Fisher,+506 7759-5648
5-1021-2445,Kristel,Grossman,+506 1421-1304
9-7761-2292,Maximilian,Bernolet,+506 7667-6168
4-0394-1779,Elane,Stormonth,+506 2089-8669
1-5451-1644,Candide,Miner,+506 4957-5524
2-5408-8633,Valida,Dugget,+506 5500-7728
1-9942-5734,Ora,Allcroft,+506 8289-7963
2-8660-7441,Carlie,Luno,+506 8533-7964
6-6309-9743,Malory,Mapes,+506 3063-8434
1-1481-3435,Horten,Rayworth,+506 3786-8771
1-2724-5513,Alessandra,Shaefer,+506 5578-3546
1-6263-1590,Craggie,Lesper,+506 6406-7416
4-5936-1233,Pip,Lage,+506 5481-7404
6-8805-8062,Farrel,Gunston,+506 8557-9640
3-7215-7669,Ninnetta,Nunnerley,+506 6480-7985
6-2088-5070,Justinian,Feltoe,+506 7520-0523
0-3384-6317,Coriss,Carruthers,+506 7473-7885
1-3800-3467,Raul,Horche,+506 8639-7698
1-9024-7455,Meryl,Petr,+506 9772-8058
0-3986-3717,Maible,Baseley,+506 6496-6828
9-9459-3708,Rene,Ertelt,+506 7246-9338
0-1206-0531,Padriac,Inge,+506 5591-9417
6-6578-7873,Georg,Nellen,+506 2574-8159
8-0128-4587,Jay,Loftus,+506 4417-8559
6-5739-6243,Bettina,Gemmill,+506 8475-7785
5-5451-8078,Matty,McMychem,+506 0639-9150
6-3159-3833,Elizabet,McRuvie,+506 4132-6492
5-8335-7636,Irma,Shoreson,+506 2248-5672
7-8877-5506,Feodora,Garbar,+506 0923-6469
9-3460-1825,Winn,Leemans,+506 5956-9311
1-6295-9936,Gaylor,Hartus,+506 1150-1050
0-1934-8413,Kearney,Tillman,+506 6095-7352
1-1789-3929,Ralina,Simukov,+506 3639-4850
6-5342-2801,Katherina,Offord,+506 1421-0329
1-3654-2741,Elayne,Prendergast,+506 0615-9425
3-5746-5428,Dilly,Borland,+506 4395-9211
4-1770-9234,Torrance,Tesauro,+506 3108-2318
4-2327-2402,Cordy,Berthome,+506 0557-1209
1-2540-6992,Fanchon,Briddock,+506 5195-6765
0-2354-9009,Joaquin,Bangley,+506 5914-1498
3-7514-2822,Diann,Damiral,+506 0227-4872
5-6878-8263,Devinne,Gimson,+506 5425-8991
1-9523-5539,Brod,Goodredge,+506 8080-1797
3-1403-8309,Gracia,Legier,+506 1589-9557
6-5594-6008,Marielle,Woodyear,+506 7764-7132
8-2136-1897,Val,Gleader,+506 3295-1900
7-7237-4685,Wendy,Garfoot,+506 1832-2105
4-8975-6303,Tiffany,Tabor,+506 0236-2885
5-6986-2477,Ianthe,Umbers,+506 5713-4866
2-8574-9143,Violetta,Coppeard,+506 9734-3729
1-9898-0314,Winifred,Carmel,+506 8009-2653
9-0079-9718,Reynold,Rown,+506 4182-4973
8-9410-9072,Abie,Muffin,+506 9432-1989
9-4667-8942,Moore,Hedingham,+506 4212-3535
8-9332-9239,Yehudi,Haccleton,+506 3491-5536
7-3065-4623,Jennica,Mimmack,+506 3603-0281
5-0192-3753,Federica,Snowden,+506 6247-8215
6-4293-4362,Ewen,Sissel,+506 8767-8904
7-8657-1477,Ansel,Fox,+506 6601-1074
